_country,appVersion,at,content,repliedAt,replyContent,reviewCreatedVersion,reviewId,score,thumbsUpCount,userImage,userName
in,4.113.1,2026-08-03 11:14:29,good,2026-08-03 11:22:49,"Hey there, nothing delights us more than hearing this. We are happy that you had a great experience. Keep Swiggying. 🙂",4.113.1,eba7e2a3-b490-42fa-a195-0ab4977099cb,5,0,https://play-lh.googleusercontent.com/a/ACg8ocKZBsl0nBo23a7BRWuePQpz8kEz4eLxzWRadDyiWUNyIQU_Tw=mo,Nand Kishore
in,4.113.1,2026-08-03 11:06:35,nice,2026-08-03 11:12:41,"Hi there, thank you for your patronage and the perfect rating. We will strive to provide consistent seamless ordering experiences. Keep Swiggying!",4.113.1,338c0161-a3eb-4649-9031-a3048689b8f7,5,0,https://play-lh.googleusercontent.com/a-/ALV-UjXP3RXG1RTiFyBWgpHR1gfSLHc48QZybVfeGmVrEicOFRp-jbIK,Dheena yogesh Dheena yogesh
in,4.113.1,2026-08-03 11:02:52,ok,2026-08-03 11:12:35,"Hey there, thank you for the valuable feedback. We request you to let us know more about your experience by writing an email to swiggysocial@swiggy.in so we can make our services better.",4.113.1,51034e5f-02c6-43db-8b27-590c10a7692a,5,0,https://play-lh.googleusercontent.com/a/ACg8ocKxwf9x5RJwx5C00_4FptsfQj3LnpdlTuaeObyUmTD_h0gacw=mo,Akshay Kumar Bindhani
in,4.113.1,2026-08-03 11:00:24,nice,2026-08-03 11:02:32,"Hi there, thank you for your patronage and the perfect rating. We will strive to provide consistent seamless ordering experiences. Keep Swiggying!",4.113.1,5f7fe3f9-cb57-4d44-bb75-299eb07f7370,5,0,https://play-lh.googleusercontent.com/a/ACg8ocKmxQdxCa2mQA2WfXMYzfgFLb580Ag1x2iHv_CKtMgSTWh6Tg=mo,Sipun Sahu
in,4.113.1,2026-08-03 10:48:44,good,2026-08-03 10:52:38,Hey there! It's a bliss to see that our service brought a smile to your face. We'll endeavor to keep it up. Keep Swiggying. 🙂,4.113.1,0be305eb-2bde-46bf-974c-439dbb283618,5,0,https://play-lh.googleusercontent.com/a/ACg8ocJT91FwygD7vN2BRAhFNN0s-WMtmd98LJov8T1Zv_J1it4QIQ=mo,Omkar
in,4.113.1,2026-08-03 10:46:33,they give the delivery in time without delay,2026-08-03 10:52:36,Hey there! Such positive reviews motivate us to strive hard to provide you a much better experience. Happy ordering. 🙂,4.113.1,f35bb1db-3c79-471e-b280-94d955e92aa5,5,0,https://play-lh.googleusercontent.com/a-/ALV-UjWgt3_FKnYodcXn5IEhf4cZ4QkM-b5l55AeVWAbD_953VBGMqQo,Shyamala Bharathi
in,4.113.1,2026-08-03 10:44:50,good app best from all and sell high quality products at cheapest price,2026-08-03 10:52:38,"Hey, thanks for the rating! This motivates us to keep serving you better with every order.",4.113.1,25de837f-a096-4975-a10e-a58d1023a0bd,5,0,https://play-lh.googleusercontent.com/a/ACg8ocLEDJ1qCqjApqHyY15-z3R3zVTZq5MDvQt_UZ_nEFn5ICflvQ=mo,Radhay Varun
in,4.113.1,2026-08-03 10:42:47,very bad experience app Ne claim kiya tha ki aapka order 22 minut mein pahunch jaega per 25 minut Tak to rider nahin uthai nahin order hi nahin uthaya very a bad experience,2026-08-03 10:52:37,"Hey there, we are sorry to have put you through such a situation. We would like to make amends and request you to kindly share the order ID along with the details of your concern at swiggysocial@swiggy.in and we will do what it takes to turn this around!",4.113.1,e7b2aa62-9b19-4f48-96f6-b50029a55646,1,0,https://play-lh.googleusercontent.com/a/ACg8ocKjI6h1UN0tfjnC9XBfaRGz51nikS6825O6uqwBZbjibedXng=mo,gaurav thapar
in,4.113.1,2026-08-03 10:37:55,when I select my order and add to Cart after they were not show the screen for payment and all,2026-08-03 10:42:36,"Hi, we are sorry about the below-par experience with your order. Please write to us at swiggysocial@swiggy.in along with the order ID, so we can assist you better.",4.113.1,5b252c7f-21da-450b-beb5-58b5e9894f41,1,0,https://play-lh.googleusercontent.com/a/ACg8ocJmBPUJ2BOC63lIt4lhDyvgiUwPGBtcKJfMVd5Sw1UhWvQ35A=mo,Kashish Chetwani
in,4.113.1,2026-08-03 10:37:04,best,2026-08-03 10:42:36,Hey there! It's a bliss to see that our service brought a smile to your face. We'll endeavor to keep it up. Keep Swiggying. 🙂,4.113.1,67b66596-6bae-4ec6-8d78-e80ac5d7c90c,5,0,https://play-lh.googleusercontent.com/a/ACg8ocLjnAPCT5b9IUxeTvoHGUiQCn3f1rVHKDCmHf5M2uq2MnG5mXQ=mo,Vishal Sah
in,4.113.1,2026-08-03 10:36:18,good,2026-08-03 10:42:35,"Hey, thanks for the rating! This motivates us to keep serving you better with every order.",4.113.1,21d39dea-3400-4f11-80b1-12a259a0b7e2,5,0,https://play-lh.googleusercontent.com/a-/ALV-UjU1QRi2HFOWrMWevw-_HUjqWi0AO3cx8NqXp44TfXqdZgJOJNkm,ANSIYA JABIREHAN
in,,2026-08-03 10:25:28,this is not fare yr app logo ko chote chote shehro me bhi smaan diliver Krna chahiye pls I heartily request you mra pind kotla bamma aliwal road hai batala shehro hi lgta hai so pls mujhe apne baby k liye smaan mgvna pdta hai,2026-08-03 10:32:37,"Hello, we are sorry for the trouble you have been through. Please drop an email at swiggysocial@swiggy.in along with order ID and we will help you sort this out.",,76c7f446-02b4-4547-ba71-014dd32adb9a,3,0,https://play-lh.googleusercontent.com/a/ACg8ocIyKEnzQ9wAdoEnQiKlrhFupVxubnBOJe85k6wXEp6L7wRZPg=mo,Jasmin Gill
in,4.113.1,2026-08-03 10:04:06,very good,2026-08-03 10:12:43,"Hey there, nothing delights us more than hearing this. We are happy that you had a great experience. Keep Swiggying. 🙂",4.113.1,ee86e5b0-986a-4646-b3ed-e5099b6af8ae,5,0,https://play-lh.googleusercontent.com/a-/ALV-UjUUQ510NdnGfWy_XSSxSPdvTmFLZDS21ho4Z3hptCrGX5BI-reg,Rakesh Kumar
in,,2026-08-03 10:00:20,very good,2026-08-03 10:02:35,We are happy to hear such positive feedback. 🙂,,52006bf2-9285-4c85-a7ac-ee2cbb2f494d,5,0,https://play-lh.googleusercontent.com/a-/ALV-UjVF3YstaJa7qu094roCTLuaoP6lWYPXrJfw5eWqKh7muhtP8Jpo,ThangKhanKim David. Kimsan
in,4.113.1,2026-08-03 09:56:41,fresh vegetable always,2026-08-03 10:02:36,"Hey, thank you for your feedback. We request you to let us know more about your experience by writing an email to swiggysocial@swiggy.in so we can make our services better.",4.113.1,d9bf7012-2d62-4771-922e-269fc90c7aa8,5,0,https://play-lh.googleusercontent.com/a-/ALV-UjUCrqsVas1L6kWHdDd0PjBqfR7_4oMggeJThlvWVGgW4xRssdOjsQ,rakhee mehta
in,4.113.1,2026-08-03 09:55:06,good,2026-08-03 10:02:35,Hey there! Such positive reviews motivate us to strive hard to provide you a much better experience. Happy ordering. 🙂,4.113.1,5351e263-e149-4c44-bb02-dd23a83b84ce,5,0,https://play-lh.googleusercontent.com/a-/ALV-UjW2BGsNYWz3FQrVWMx-UT0dxAeD7jV5ngznAM4J4GjeQGPYsN0v,TUHIN BAIRAGI
in,4.113.1,2026-08-03 09:50:46,good,2026-08-03 09:52:42,"Hey, we are glad to have patrons like you and will strive towards providing better services to keep such reviews coming our way. Keep ordering.",4.113.1,301cf449-3cee-4156-8746-c202e311ef8e,5,0,https://play-lh.googleusercontent.com/a-/ALV-UjVGSpFPEkrWpGPHd_UklpAlqdKPsLN8YHK1dz9Drc-YQZH9OLPDjQ,vaditya sivanaik
in,4.113.1,2026-08-03 09:49:50,nice work,2026-08-03 09:52:43,"Hey, thank you for the ratings. We request you to let us know more about your experience by writing an email to swiggysocial@swiggy.in so we can make our services better.",4.113.1,a0b3281d-8c99-4a3f-b2a1-d7192f0a91be,5,0,https://play-lh.googleusercontent.com/a-/ALV-UjWxFoz9YqTm6PqaklRANINiq5YooFjD1r5reEEHU8Ly6HZ6bMs2,Dheeraj Ghalot
in,4.113.1,2026-08-03 09:48:17,"Great quality, speedy delivery. However, I would like the delivery persons to be careful when riding their bikes. My delivery not more important than their safety.",2026-08-03 09:52:45,"Hey, thank you for your feedback. We request you to let us know more about your experience by writing an email to swiggysocial@swiggy.in so we can make our services better.",4.113.1,a3e9954a-5eaa-4bfe-9712-2941e3a335a6,5,0,https://play-lh.googleusercontent.com/a-/ALV-UjWZ7tz2yYx22xCxUjjFe4_j66xnFstNoz230VC2K0iEpt3AsDkR_A,Jed Mitter
in,4.112.0,2026-08-03 09:37:39,Nice 👍,2026-08-03 09:42:32,"Hey there, nothing delights us more than hearing this. We are happy that you had a great experience. Keep Swiggying. 🙂",4.112.0,45b4d930-d25a-4d50-80bf-8851f5a37a5f,5,0,https://play-lh.googleusercontent.com/a-/ALV-UjWShX02BcXTwpUkt-C3CsqH4F3dhbiTLwtijeHhLCpz2jOsqEGSoA,Dhiman Mondal
in,4.113.1,2026-08-03 09:31:56,👍👍,2026-08-03 09:32:30,"Hey there, nothing delights us more than hearing this. We are happy that you had a great experience. Keep Swiggying. 🙂",4.113.1,531cec12-9de7-4999-bc49-9d2f8635816c,5,0,https://play-lh.googleusercontent.com/a-/ALV-UjUNRXpAWAs6TMnbunwMPZwnCWIxVJczC_j2ppT0t7WLG9gRSrEv,Siju K k
in,4.113.1,2026-08-03 09:27:12,good 👍👍👍👍👍👍👍,2026-08-03 09:32:31,Hey there! It's a bliss to see that our service brought a smile to your face. We'll endeavor to keep it up. Keep Swiggying. 🙂,4.113.1,79325eea-01da-4774-9261-7b3c531ef5bf,5,0,https://play-lh.googleusercontent.com/a-/ALV-UjXZFLQU4yDFktzDUUWQ24srBB3taTo2wOGyvUX7y1aV0ebSTKZR8A,Ranjit Jehanabad
in,,2026-08-03 09:23:56,"Please guys check all products what you have ordered then pay them. worst experience ever. 1st - they said 10-15 minutes but took 40 minutes. 2nd: they delivered wrong order. 3rd: order returned and they said refund done back to source by upi. but i paid by cash so when i asked for details they don't have it. now they are giving me no option to get my money back but only refund in coupon. and again wait for 48hr. they scammed me basically. problem happened again, missing item 3 august",2026-08-03 09:32:30,"Hey, we request you to let us know more about your experience by writing us an email at swiggysocial@swiggy.in from your registered email ID so that we can have your concern addressed.",,7af5a0b7-7beb-43dd-a7e7-6e847d343345,1,0,https://play-lh.googleusercontent.com/a-/ALV-UjUJFwMpiSNxe2YZWXcAEXJY2mZC8Ep4uwm0BSVAj90vpivINXA,Sn Global Services
in,4.113.1,2026-08-03 09:22:07,excellent,2026-08-03 09:23:19,Hey there! It's a bliss to see that our service brought a smile to your face. We'll endeavor to keep it up. Keep Swiggying. 🙂,4.113.1,bd1d7355-faac-46e2-b9f7-4cb8a2390768,5,0,https://play-lh.googleusercontent.com/a-/ALV-UjWTocaWAdkU89yxi8K1CZZgLGvODza9r1O66is8WipdzhneHgg,Subhendu Panda
in,4.113.1,2026-08-03 09:18:25,fast service,2026-08-03 09:23:16,"Hey there, we're pleased that you enjoyed your experience with Swiggy. We'll endeavor to keep it up. Keep ordering. 🙂",4.113.1,8726a5f3-f7ab-4346-828d-76a82d90e169,5,0,https://play-lh.googleusercontent.com/a-/ALV-UjWzU7ZbkoRkiHlQmS9ciN_BLIG_x74P2LByAGPez7yMb_8t04Ip,BAPUJI SAHOO
in,4.113.1,2026-08-03 09:15:53,"My experience was extremely disappointing. My first order turned out to be my last order on Instamart. I ordered milk, but the milk packet they delivered did not have an expiry date mentioned. I contacted customer support through the Help section, but they closed the conversation without even listening to my concern. No resolution was provided. Very poor customer service.",2026-08-03 09:23:19,"Hey there, we are sorry for the unpleasant experience you had. Please share more details about the incident by writing an email at swiggysocial@swiggy.in from your registered email ID. we'll take it up.",4.113.1,c50c6dfb-ef0a-4b85-82c9-81b6d535d6c5,1,0,https://play-lh.googleusercontent.com/a/ACg8ocJVoRIgzn_Zv9GufQnsgGtUHdQ3A_0gjXKNZhBh86t0_tlMTQ=mo,Anshuman Bhardwaj
in,,2026-08-03 08:44:17,you should add an option to give Tip to the delivery person after delivery has happened. currently I can add tips only when placing an order. At the time of placing the order I am not sure if the delivery service by the delivery boy is good or not,2026-08-03 08:55:07,"Hey there, we are thankful for your reviews & would love to get your feedback on taking it to the next level. We request you to share your feedback by writing to us at swiggysocial@swiggy.in from your registered email address.",,42514698-5486-4d79-89fe-092d24ed89f8,4,0,https://play-lh.googleusercontent.com/a/ACg8ocJe0ctjWTvt2on9uD9cbH7NgcWfrn8Djq-DDli58_CUxCibxg=mo,Vasanti Soman
in,4.111.2,2026-08-03 08:19:27,Good and reasonable priced products and fast delivery.,2026-08-03 08:22:36,"Hey there, we are thankful to you for your review! We request you to let us know more about your experience by writing an email to swiggysocial@swiggy.in so we can make our services better.",4.111.2,1cf9172f-47f5-43c3-85e4-23172d8bb951,5,0,https://play-lh.googleusercontent.com/a/ACg8ocL8xlQ3eyDCg2BR1foTs58vdsSIXXrZIwT0nPK1OdL9vtih=mo,lian goukhaam
in,4.113.1,2026-08-03 08:12:38,👍,2026-08-03 08:22:34,"Hey, we are glad to have patrons like you and will strive towards providing better services to keep such reviews coming our way. Keep ordering.",4.113.1,65aadde1-bfe2-44f1-800a-488602e36bdc,5,0,https://play-lh.googleusercontent.com/a/ACg8ocKtl2EQ-jMYIIXBVMUJnLaSVH6IzdOxTZyvukbYCFZiraI2zA=mo,Gopal Kedia
in,4.112.0,2026-08-03 08:09:37,Instamart always sending unriped fruits.. and low quality products,2026-08-03 08:12:31,"Hi, we are sorry about the below-par experience with your order. Please write to us at swiggysocial@swiggy.in along with the order ID, so we can assist you better.",4.112.0,4a37f623-3d4a-4560-b6bb-926cad7bf478,1,0,https://play-lh.googleusercontent.com/a-/ALV-UjX3u6-KzDZhfM94QVceuqHgwPf2Ll7FePvFjYCK4FYgUrpuuF5z,NAMATHOTI SIVANAGARAJU
in,4.113.1,2026-08-03 08:07:40,good partner for grocery,2026-08-03 08:12:31,Hey there! It's a bliss to see that our service brought a smile to your face. We'll endeavor to keep it up. Keep Swiggying. 🙂,4.113.1,0b0c85c2-3c61-47db-8653-61cb0f6619d3,5,0,https://play-lh.googleusercontent.com/a-/ALV-UjXAZjXVkS3_gTdI6c5lPc8Elpw5zgHg9uIyn9wT3BehB-NDQFds,Shah Sonu
in,4.113.1,2026-08-03 07:59:06,good service 👍,2026-08-03 08:02:36,"Hey there, thank you for the perfect ratings. We appreciate your efforts in contributing to our improvements.",4.113.1,a1e4f4f1-905f-49e1-ae54-e910ec5202fe,5,0,https://play-lh.googleusercontent.com/a/ACg8ocI05rMkj5TgsMltpHNMCt-jTaHk3hfJb9LPvD17mlvw3k4kuA=mo,Bindu Bujji
in,4.113.1,2026-08-03 07:45:59,nice,2026-08-03 07:53:23,"Hi, thank you for delighting us with the positive review. We request you to let us know more about your experience by writing an email to swiggysocial@swiggy.in so we can make our service worth 5 stars.",4.113.1,0c3c1192-7feb-4223-915c-9406d4c149ec,4,0,https://play-lh.googleusercontent.com/a-/ALV-UjWbZNf3u3rQY-VuTCwCbFay0_RgbXD7atfSNcu8QJa0i9ZMUz0,Nitin Agrawal
in,,2026-08-03 07:42:38,really excellent,2026-08-03 07:53:23,"Hey there, thank you for the perfect ratings. We appreciate your efforts in contributing to our improvements.",,2a6abf12-9603-41c5-b0ed-a5f115cf99a4,5,0,https://play-lh.googleusercontent.com/a-/ALV-UjVVVegQJuOLKBxpvVZpRXvFChrdEQVdxU5_UL1tdJMqcBWLq4dZww,Chetan Bhaskeray Bhatt
in,4.113.1,2026-08-03 07:37:45,very nice only 5 min but pagal app hai,2026-08-03 07:42:38,"Hi, please write to us about your experience at swiggysocial@swiggy.in from your registered email address, so we can better our services.",4.113.1,a0f549d3-dc54-48d7-ae39-ebd603d78afb,2,0,https://play-lh.googleusercontent.com/a/ACg8ocJi9xMgwRcv_80GZmDduDK8XH6TUXMWrUlLXZuSpw1pFriufg=mo,Yash Raj
in,4.113.1,2026-08-03 07:17:12,"quality products, fresh portion, reasonably priced, good deals, speedy delivery, friendly app & great customer support",2026-08-03 07:25:05,"Hey there, thank you for the valuable feedback. We request you to let us know more about your experience by writing an email to swiggysocial@swiggy.in so we can make our services better.",4.113.1,62fa672e-efb4-405a-87a0-62bc4a625acd,5,0,https://play-lh.googleusercontent.com/a-/ALV-UjVU7aFGyRtK1gWnA29FpRU_gdy-lNdYOXGbR6shwRJoBS5k04_U,Mary Gamage
in,4.113.1,2026-08-03 06:52:59,super 👍,2026-08-03 07:02:30,"Hey there, nothing delights us more than hearing this. We are happy that you had a great experience. Keep Swiggying. 🙂",4.113.1,c94d566a-2f79-43e6-b91a-5e3464fe49d5,5,0,https://play-lh.googleusercontent.com/a/ACg8ocIHXSuOahATKsHoxmT7-oLVtMiavqOV1MN4yadhOam7r9GpSw=mo,Vonimi Sai
in,4.113.1,2026-08-03 06:52:09,very good. variety of products available.,2026-08-03 06:52:26,"Hello, nothing delights us more than hearing this. We are happy that you had a great experience. Keep Swiggying. 😊",4.113.1,509319a8-8de7-431d-9fa0-36d5937012db,5,0,https://play-lh.googleusercontent.com/a-/ALV-UjXJNnmjlqZNAo7TWqlHTE6oawOQoR5PYnqbDYo-aYc7tpvZRRLt,Vipin Singh
in,4.113.1,2026-08-03 06:31:44,Nice,2026-08-03 06:34:02,"Hey, we are glad to have patrons like you and will strive towards providing better services to keep such reviews coming our way. Keep ordering.",4.113.1,9cfbd063-c84c-4fcf-ac92-b5e39bbe59bd,5,0,https://play-lh.googleusercontent.com/a/ACg8ocLScX5pIFxQm-0PRThQb-MGCuLpp_804oZiH4g_tjoRH1N_Sg=mo,Niveathitha alagar
in,4.112.0,2026-08-03 02:49:49,very bad in night order 😪,2026-08-03 02:55:07,"Hey, we request you to let us know more about your experience by writing us an email at swiggysocial@swiggy.in from your registered email ID so that we can have your concern addressed.",4.112.0,36a1e159-0f77-493a-88b5-e0666aba0732,1,0,https://play-lh.googleusercontent.com/a-/ALV-UjW_QvJtfTPdFhYWPs0MqrEN2caI6EE_qP9ULqL93d5RpazADCQ7,MohdArif Khan
in,4.113.1,2026-08-03 00:45:25,can improve on payment offers and discounts,2026-08-03 00:52:21,"Hey, thanks for the rating! This motivates us to keep serving you better with every order. We would love to hear from you about how we could hit the 5-star rating. Please do share your thoughts by dropping an email at swiggysocial@swiggy.in.",4.113.1,b37a8b1a-6c68-4512-910c-f27ea8c7606f,4,0,https://play-lh.googleusercontent.com/a-/ALV-UjVJdXS7se2vQm372iKNqvCVovaxxZs4Sc4rc5vu1Lmau7arNfrt,Aniket Gaikwad
in,,2026-08-03 00:28:10,not optimistic interface,2026-08-03 00:33:43,"Hi, we are sorry about this. Please help us with the order id over an email at swiggysocial@swiggy.in, so we can help resolve the issue.",,a10e6a39-428e-4885-b847-8bb6972cd51a,1,0,https://play-lh.googleusercontent.com/a-/ALV-UjXywHMUM1DykOodujSXz4f4XOhAYnnCofz8EbavhtCU1RK_yf-C,JAI_ AKASH_
in,4.113.1,2026-08-02 23:54:32,nice,2026-08-03 00:03:02,"Hey, we are glad to have patrons like you and will strive towards providing better services to keep such reviews coming our way. Keep ordering.",4.113.1,87c9bc3f-3001-4d1d-be99-9171cf40d36c,5,0,https://play-lh.googleusercontent.com/a/ACg8ocIhBoIfxH2WVlFPWpn82OqkrRaeRPMvO3w57Fr2fHa4BDntOzc=mo,FARHAN SHAIKH
in,4.113.1,2026-08-02 23:45:19,im ordering regular right time delivery thanks to Instamart,2026-08-02 23:52:33,"Hey there, we're pleased that you enjoyed your experience with Swiggy. We'll endeavor to keep it up. Keep ordering. 🙂",4.113.1,6e898e88-aece-461f-a913-0090334c2441,5,0,https://play-lh.googleusercontent.com/a-/ALV-UjVtxT1ieVy7Cfbfly_h67bbebIwCdBIGT_tsCl3fArUg5_W2CE,Rider Arman
in,4.113.1,2026-08-02 23:42:06,price rate and delivery rate different,2026-08-02 23:42:41,"Hey, we request you to let us know more about your experience by writing us an email at swiggysocial@swiggy.in from your registered email ID so that we can have your concern addressed.",4.113.1,f3f72247-edb6-44bb-96e1-f0efb6e4f239,2,0,https://play-lh.googleusercontent.com/a/ACg8ocKdLp3oejayFJMm9HbvgZArzFx7TSWUFDs3V3Xp6hxogaHOYQ=mo,Mritunjay Singh
in,4.113.1,2026-08-02 23:39:41,not good,2026-08-02 23:42:41,"We're apologetic about this experience you've faced while ordering with us. Please write to us at swiggysocial@swiggy.in from your registered email address detailing your experience, so we can look into the issue and resolve it for you.",4.113.1,53ac9f1a-a087-496a-b1af-709883646376,1,0,https://play-lh.googleusercontent.com/a-/ALV-UjUCk_w7i-bw7jRBsyYme4jMTwCovuFf39B-SlD2CLuD3vec4V3qbQ,Agbin singh
in,4.112.0,2026-08-02 23:39:16,good,2026-08-02 23:42:42,"Hey, thank you for the ratings. Please let us know how we can make our service worth 5 stars by writing to us at swiggysocial@swiggy.in from your registered email address.",4.112.0,86da4217-fd32-4f8c-a706-4e3bb9496deb,3,0,https://play-lh.googleusercontent.com/a/ACg8ocL34t-RyhVvNBuLc5MGTAdag2j2n_KeHOiMVnEuh68x7Erb7A=mo,Charu Sharma
in,4.113.1,2026-08-02 23:27:42,good,2026-08-02 23:32:28,Hey there! Such positive reviews motivate us to strive hard to provide you a much better experience. Happy ordering. 🙂,4.113.1,2d3e9242-a365-42df-8572-1f7af5054e50,5,0,https://play-lh.googleusercontent.com/a-/ALV-UjW1RaWVCk7hX--VqA4J4J4VvcIBda4ttuHQQSzNNjMgksL5u4G2,Pranali Nimbre
in,4.112.0,2026-08-02 23:16:15,nice,2026-08-02 23:22:33,Hey there! Such positive reviews motivate us to strive hard to provide you a much better experience. Happy ordering. 🙂,4.112.0,65ebdfbd-2688-4cb2-823b-dd7cea62eb72,5,0,https://play-lh.googleusercontent.com/a-/ALV-UjVusqwPx5RWGuN3Dk0shLWZ7ZKujWo6fvkCqOfgmSITlqoPBo2h,AFIF MALLIK
in,4.113.1,2026-08-02 23:06:39,really good service best quality .,2026-08-02 23:12:40,Hey there! It's a bliss to see that our service brought a smile to your face. We'll endeavor to keep it up. Keep Swiggying. 🙂,4.113.1,79f1af9b-db79-44f5-bfa6-b1ad13baf310,5,0,https://play-lh.googleusercontent.com/a/ACg8ocKmBHy5pWVi37ly-YHWQrZ3txKmDKDCLza355qjFuJZW-j15w=mo,jamir pathan
in,4.112.0,2026-08-02 22:57:29,nice good p,2026-08-02 23:02:39,"We appreciate your review. However, we would like to hear about how we can improve ourselves to get a 5-star rating. Please do write to us swiggysocial@swiggy.in from your registered email address with your valuable insights on improvement.",4.112.0,989cc689-6687-4da7-b6d9-7dac760d987c,3,0,https://play-lh.googleusercontent.com/a-/ALV-UjX2B92ZvUKPhgxmLCR-rO3yySCeHDWprbiGAny8udB2MU7u9ww,Sohail Zain
in,4.113.1,2026-08-02 22:57:27,"Worst !!! Usually I am using another app. But first time I am using the Instamart app, and facing issue. and worst customer care, they not providing solution instead they are trying to convince me. One of the worst experience I faced at my first order. I will not use this further and wont suggest to my family and friends. other many instant delivery apps are there with quick solution. I would not suggest. Finally no use in customer care support also. They not refunded my money also,Uninstalled",2026-08-02 23:02:39,"Hey there, we would like to get this checked to see what went wrong. Kindly help us with your registered details at swiggysocial@swiggy.in and we will do what it takes to turn this around!",4.113.1,6ab6c43d-4b9c-4e62-9ee4-2583cc0bff08,1,0,https://play-lh.googleusercontent.com/a-/ALV-UjWBkcg_f6zk4W6xo9zwZn_rZYyaCeh1ymf_kbucygL6jKE_y4Um9w,Dhanasekar Ramasamy
in,4.112.0,2026-08-02 22:57:11,quick and satisfied,2026-08-02 23:02:38,"Hey there, nothing delights us more than hearing this. We are happy that you had a great experience. Keep Swiggying. 🙂",4.112.0,a0535986-a434-4017-81d7-37e47719d2d5,5,0,https://play-lh.googleusercontent.com/a-/ALV-UjVJmndrcH0YYjFcBI9Xnqtzng-C8GbMLundqcLorMzLqKeCKI8,Anusha
in,4.113.1,2026-08-02 22:56:20,instamart is very good and fast,2026-08-02 23:02:39,"Hey there, nothing delights us more than hearing this. We are happy that you had a great experience. Keep Swiggying. 🙂",4.113.1,58ebebd3-a7cb-4aaf-b095-b54192cee1d9,5,0,https://play-lh.googleusercontent.com/a/ACg8ocLDjT6uuXjyvru_76OhybufZwmF0MQzdne3b662Fdb0N1I-tQ=mo,Prince yadav
in,4.113.1,2026-08-02 22:54:42,good service,2026-08-02 23:02:41,We are happy to hear such positive feedback. 🙂,4.113.1,caff4044-a571-46d5-822b-7008f653f634,5,0,https://play-lh.googleusercontent.com/a/ACg8ocI173hSeZRsbAbaO5_6N5HxZMUxsdFvHWAmjq0BKrvNQBObAw=mo,Akshay Prajapat
in,4.113.1,2026-08-02 22:52:51,Nice 🙂🙂,2026-08-02 23:02:40,"Hey there, thank you for the perfect ratings. We appreciate your efforts in contributing to our improvements.",4.113.1,d93787fa-ab8c-4e06-87a4-004ad8f18741,5,0,https://play-lh.googleusercontent.com/a/ACg8ocIUnoBDl-vGFZSJOGCp8_K6tYwLUaWPrkT6IQNDPnER4NLO-g=mo,Mugala Aruna02
in,4.113.1,2026-08-02 22:51:30,mei insta mart last year se use kr rha hu par yeh app mei ajj tk mera experience bura nhi rha,2026-08-02 22:52:45,"Hey there, thank you for rating us 5-Star. Please let us know how we can further improve our services by dropping an email at swiggysocial@swiggy.in from your registered email address.",4.113.1,c95e5ac7-4114-40da-84fb-7536b22040e6,5,0,https://play-lh.googleusercontent.com/a-/ALV-UjVSq6_-eJqgGa0rcPeOUZVFWf6jp4b19KNy_Zgm9MMcpSidpwY,Sheeba Naqvi
in,4.113.1,2026-08-02 22:50:25,gud,2026-08-02 22:52:47,"Hi there, thank you for your patronage and the perfect rating. We will strive to provide consistent seamless ordering experiences. Keep Swiggying!",4.113.1,5782ab01-0245-4b42-933c-a92f5cb232b7,5,0,https://play-lh.googleusercontent.com/a-/ALV-UjWkMjjgK6p5P5Bb0Q-_tB015g89cCSpm4dET4c66M8pIGFfyuXeEA,mohamed Asif
in,4.113.1,2026-08-02 22:50:06,this is very nice and help for in night 🌉,2026-08-02 22:52:46,"Hi, thank you for delighting us with the positive review. We request you to let us know more about your experience by writing an email to swiggysocial@swiggy.in so we can make our service worth 5 stars.",4.113.1,4605b34f-8f30-4d9e-bfe8-88d20f52549e,4,0,https://play-lh.googleusercontent.com/a-/ALV-UjVxt6dcJdDcqNSVxSCUmIvm4BVJJflKzelhkV39sdbeUNQnbTY,Karthikc
in,4.113.1,2026-08-02 22:49:50,very good service,2026-08-02 22:52:46,"Hey, we are glad to have patrons like you and will strive towards providing better services to keep such reviews coming our way. Keep ordering.",4.113.1,00c2d0c2-67a4-4786-85b0-d1a63d0ad860,5,0,https://play-lh.googleusercontent.com/a-/ALV-UjVLk2mnsUIS38QPljk1Pp4swx3TOd9duNkUd_3gaT7TPZm5zx77,Y Shiva
in,4.113.1,2026-08-02 22:47:10,Nice,2026-08-02 22:52:47,Hey there! Such positive reviews motivate us to strive hard to provide you a much better experience. Happy ordering. 🙂,4.113.1,f18b1d20-635e-4883-9a73-6dd301333010,5,0,https://play-lh.googleusercontent.com/a/ACg8ocIE7p5_q_vDHpri_8vZ0iT2QyKryPGbBpnLmgZSvQz7BpJWng=mo,Mohd Ikramudeen
in,4.92.0,2026-08-02 22:37:34,"Cheating app!! Ordered items were not delivered, but the amount was still deducted. Feels like cheating customers.",2026-08-02 22:42:38,"Hi, please write to us about your experience at swiggysocial@swiggy.in from your registered email address, so we can better our services.",4.92.0,5a1038ab-327d-427d-8d53-c7a5adceab4c,1,0,https://play-lh.googleusercontent.com/a-/ALV-UjUoHmFzUX4M-KqVSxN6eSbmRccbXcSK30viQe1EqQOPE86tOjI9pw,Mohammed Ismail
in,4.113.1,2026-08-02 22:33:18,fast delivery but you're expensive,2026-08-02 22:34:10,"Hey there, thank you for the perfect ratings. We appreciate your efforts in contributing to our improvements.",4.113.1,d47f37a5-a8d8-496f-adf7-a47f5a5f62cb,5,0,https://play-lh.googleusercontent.com/a/ACg8ocLj4gYJwbll-sWUnCBX7WQ-gM7vWL2VC1jS2VQ-NgGvyymQZg=mo,ghomsi guiffo
in,4.113.1,2026-08-02 22:28:35,very Good,2026-08-02 22:34:11,"Hello, nothing delights us more than hearing this. We are happy that you had a great experience. Keep Swiggying. 😊",4.113.1,935c6333-6e77-4b0d-afc8-15eba280fe43,5,0,https://play-lh.googleusercontent.com/a-/ALV-UjWZFGpdtRxmkUCN_225Eczsr64fsvbIQI6FGJkdysdXfxi6hXK6,Nuzaif Shamsi
in,4.113.1,2026-08-02 22:28:09,Good,2026-08-02 22:34:09,"Hey there, nothing delights us more than hearing this. We are happy that you had a great experience. Keep Swiggying. 🙂",4.113.1,a2419824-b443-4eff-915b-882c1bdbd047,5,0,https://play-lh.googleusercontent.com/a/ACg8ocJ5mnZV_c2WY--3rNDueqDiSitvxcz6ukWCn3-CumHJEgH3rw=mo,Omprakash Dubey
in,4.113.1,2026-08-02 22:25:27,good,2026-08-02 22:34:11,"Hey there, thank you for the perfect ratings. We appreciate your efforts in contributing to our improvements.",4.113.1,7e89f118-eda6-4c58-b9cd-90efd2756820,5,0,https://play-lh.googleusercontent.com/a/ACg8ocI53p8jmPFrBYWRIuzMYTEAXnebK4f9ubovn2dwCBKJyF0DTA=mo,Namra Siddiqui
in,4.113.1,2026-08-02 22:21:23,😞,2026-08-02 22:22:36,"Hey there, we are disappointed to know you feel this way about us. We request you to kindly let us know more about the issue by writing to us at swiggysocial@swiggy.in from your registered email address, so we can look into it and have it fixed at the earliest.",4.113.1,05d5c3cd-f927-433a-8bce-0e09841ca37e,3,0,https://play-lh.googleusercontent.com/a-/ALV-UjWnzHKSXKMWbIorNSzXdlZ7A2VUhayIUjB2zij10GkmTerixm0,Laxman Dolly
in,4.113.1,2026-08-02 22:19:31,it is very good app you get order within 15 minutes good quality,2026-08-02 22:22:38,"Hey there, thank you for the perfect ratings. We appreciate your efforts in contributing to our improvements.",4.113.1,05627c03-ed9e-40f9-95c1-393781ad2aef,5,0,https://play-lh.googleusercontent.com/a-/ALV-UjU4izjob-0TnBtk48RVwi08TPDOFQylNu_RsjXeRk492e-nJw4b3Q,Parag Bajaj
in,4.112.0,2026-08-02 22:18:08,excellence app,2026-08-02 22:22:38,Hey there! It's a bliss to see that our service brought a smile to your face. We'll endeavor to keep it up. Keep Swiggying. 🙂,4.112.0,276b442d-90ea-4943-99be-2c0870ffe9d2,5,0,https://play-lh.googleusercontent.com/a/ACg8ocJKvtrin3inC5ghz0HOHWM9oRlSXv1TDRkTnx7VK9S5M-dukA=mo,Mueen Khan
in,,2026-08-02 22:14:30,Simply the best hyperlocal grocer app,2026-08-02 22:22:38,"Hey there, nothing delights us more than hearing this. We are happy that you had a great experience. Keep Swiggying. 🙂",,682bcca5-9fd1-414a-bde4-907c43c245f4,5,0,https://play-lh.googleusercontent.com/a/ACg8ocJkxPZ0buwu_cVUjgTQ3PByCpZENRY9dOHF23XAv-HJCghv6Q=mo,Sajjad Basheer
in,4.113.1,2026-08-02 22:13:04,outstanding,2026-08-02 22:22:37,Hey there! Such a bliss! We request you to let us know more about your experience by writing an email to swiggysocial@swiggy.in so we can make our services better.,4.113.1,76405d47-4ab9-40e1-889e-5760c8359e4f,4,0,https://play-lh.googleusercontent.com/a-/ALV-UjXMeMsiBO2wBDe5h31IRS_jFhMHXWdW-iFRwthiCsBKdxPVAGwqcw,Asif Iqbal
in,4.113.1,2026-08-02 22:12:39,thankyou,2026-08-02 22:12:54,"Hey there, nothing delights us more than hearing this. We are happy that you had a great experience. Keep Swiggying. 🙂",4.113.1,938ef877-9835-4975-865a-af34c3df2e9f,5,0,https://play-lh.googleusercontent.com/a-/ALV-UjWneCmRo9Aa-EqBxee6u4iaiFzPGj11CVU-zOrVISx4vV69BC0,Saravanan P
in,4.113.1,2026-08-02 21:55:59,good service,2026-08-02 22:03:14,"Hey there, we are thankful to you for your review! We request you to let us know more about your experience by writing an email to swiggysocial@swiggy.in so we can make our services better.",4.113.1,c4233cb5-1ba1-44a3-a086-3838a776179f,3,0,https://play-lh.googleusercontent.com/a-/ALV-UjWZtT2x8gP6sGUCgNxv_yKmvjnyzQDZdDUCKbnVtpeeRCnWGbXT,Beno Fdozjillu
in,4.113.1,2026-08-02 21:55:28,good,2026-08-02 22:03:15,Hey there! It's a bliss to see that our service brought a smile to your face. We'll endeavor to keep it up. Keep Swiggying. 🙂,4.113.1,5e0a2d98-df60-4011-bf2c-83fa23aae104,5,0,https://play-lh.googleusercontent.com/a/ACg8ocKzHZzjQsrVZGIfp6iIp4qCnvKDB4ygL6jqaz1ZpVJuRskcVQ=mo,raju patel
in,4.113.1,2026-08-02 21:53:13,free delivery at 99rs I add 100+ than extended free delivery to 149 than 199 why?,2026-08-02 22:03:14,"Hey there, we are sorry to have put you through such a situation. We would like to make amends and request you to kindly share the order ID along with the details of your concern at swiggysocial@swiggy.in and we will do what it takes to turn this around!",4.113.1,352c0319-e286-4cfb-b085-dfd0223da291,1,0,https://play-lh.googleusercontent.com/a/ACg8ocI4a79mwafmksGrcvIS12VYrsD02QkkhxiZyhxheFcENM1Plw=mo,dinesh bareth
in,4.112.0,2026-08-02 21:51:49,good,2026-08-02 21:52:54,"Hey, we are glad to have patrons like you and will strive towards providing better services to keep such reviews coming our way. Keep ordering.",4.112.0,2ed19040-6b0b-4e41-9702-5706fe59452e,5,0,https://play-lh.googleusercontent.com/a-/ALV-UjXOximkVoudc39GNoZ0gaiBylga7j_xLUnBiw1zR53CmitXxJU0,sathya narayana
in,4.113.1,2026-08-02 21:49:43,what else to say other than Thank you for making our daily errands easier .,2026-08-02 21:52:53,"Hey there, thank you for the perfect ratings. We appreciate your efforts in contributing to our improvements.",4.113.1,a5660d71-3d7c-4fea-adc3-cc45234f37f4,5,0,https://play-lh.googleusercontent.com/a-/ALV-UjXz-xoNEm2nKvXgFRf1QWgmmA0ZSTQ-hRQEs6YPXmTt7VR9Yrt8,Adriel George
in,4.113.1,2026-08-02 21:46:20,good,2026-08-02 21:52:55,"Hey, thanks for the rating! This motivates us to keep serving you better with every order.",4.113.1,a8d5a59d-e8b3-47f2-9240-2c05511e0c20,5,0,https://play-lh.googleusercontent.com/a/ACg8ocJjUVc_O267MILJv6CP7_knsHqA53VCAk5gZeiuTcrmr6T9PQ=mo,TASLEEM AHMED
in,4.113.1,2026-08-02 21:45:45,"Very Easy to use, great discounts, product availability, quick delivery.",2026-08-02 21:52:53,Yay! We are super happy to know that you are enjoying our services. Thanks for taking the time out and sharing the review with a perfect star rating. Keep Ordering. 🙂,4.113.1,15a601c5-7844-475e-82ee-0c64c747c918,5,0,https://play-lh.googleusercontent.com/a/ACg8ocJX6Es2c13pdi1HoVsH5tDRuF3ufOUW4NwvMKsiom95gbYqvA=mo,JZ Q
in,,2026-08-02 21:37:45,"Instamart Is Very good App Before This Service, all online shopping apps take 3 4 days for groceries etc. but instamart take 15 min only. Instamart Also Give coupons and Offers",2026-08-02 21:42:47,"Hey there, thank you for the valuable feedback. We request you to let us know more about your experience by writing an email to swiggysocial@swiggy.in so we can make our services better.",,9737cd98-064e-48ae-b9d6-28b6d609da1c,5,0,https://play-lh.googleusercontent.com/a/ACg8ocJrKWguDOWVTWkWavr0VEgZESKkUD6RSu9iqC43Ce4n2Ayw7g=mo,Ayan Mirza
in,4.113.1,2026-08-02 21:37:06,good handling,2026-08-02 21:42:48,Hey there! It's a bliss to see that our service brought a smile to your face. We'll endeavor to keep it up. Keep Swiggying. 🙂,4.113.1,78304d64-e014-482e-8614-5336d972c34a,5,0,https://play-lh.googleusercontent.com/a-/ALV-UjVKAhWx0IEYmt3lpJ2YcPVBBAv_c0Dg9yslaCT-gy9Lz7xLK-QY,Jerin George
in,4.112.0,2026-08-02 21:34:59,goog hai,2026-08-02 21:42:48,"Hey, thank you for the ratings. We request you to let us know more about your experience by writing an email to swiggysocial@swiggy.in so we can make our services better.",4.112.0,1ff2a29e-37dd-4dae-8ac6-05a4f961d9fd,4,0,https://play-lh.googleusercontent.com/a/ACg8ocIwBWhciXP7LOzzseevJFqVTXOpNUIj5V0HQOc_0WFqi1Myxg=mo,Sanjay Pandey
in,4.113.1,2026-08-02 21:30:25,Instamart buying experience is good but at times product once bought is not shown again consistent availability is not maintained,2026-08-02 21:33:43,"Hey there, appreciate your feedback, we give utmost priority to our user's feedback and would request you to share yours on swiggysocial@swiggy.in and we can work towards implementing them to provide better services.",4.113.1,0bda668b-d968-4040-8c48-6ef080c62f50,4,0,https://play-lh.googleusercontent.com/a-/ALV-UjU8lfxBvdGnl9SPicHOqHkHlK6WBpv179SzI9TaVPOUaIqm2eE,Sindhupriya M
in,4.113.1,2026-08-02 21:28:55,"these are a bunch of scammers, they delivered less items and when I asked for help within a few seconds they denied refund or replacement",2026-08-02 21:33:43,"Hi, we are sorry about this. Please help us with the order id over an email at swiggysocial@swiggy.in, so we can help resolve the issue.",4.113.1,a6972637-1b0e-46dc-ab7f-9a8f8aefae26,1,0,https://play-lh.googleusercontent.com/a-/ALV-UjV9j4jwXxS2vyWo-LPDW55LG2r_lSrL9_I8nvfdEdLmOIuIqA7R,sheetal saxena
in,4.113.1,2026-08-02 21:23:25,nice,2026-08-02 21:23:50,Hey there! It's a bliss to see that our service brought a smile to your face. We'll endeavor to keep it up. Keep Swiggying. 🙂,4.113.1,412f3885-1fd1-4e27-834d-b51b97341c86,5,0,https://play-lh.googleusercontent.com/a-/ALV-UjW1v7RStxv5abLwhv-NfKuwWyfVjEA7_A00adPVmdZc03g2Z1keGg,shradha kale
in,4.113.1,2026-08-02 21:23:09,bad app slow response,2026-08-02 21:23:48,"Hi there, that doesn't seem right. Please mail us the details of the issue at swiggysocial@swiggy.in from your registered email ID so that we can look into it and get back to you at the earliest.",4.113.1,2a63c3cb-9488-43aa-8495-d19638c8ca76,1,0,https://play-lh.googleusercontent.com/a-/ALV-UjVBP6r9ZJU2CxARmr0mW0i7of-nnhp2t9FTsKjPnc-O-lhl16M,Divyanshu Mishra
in,4.113.1,2026-08-02 21:19:55,prices too high,2026-08-02 21:23:50,"Hi there, we are sorry for any hassle you have faced while ordering with us. Please share the order ID along with the details of the issue by writing to us at swiggysocial@swiggy.in from your registered email address and we would be happy to connect with you and resolve the matter.",4.113.1,8bc7a03a-1026-42d9-a5da-63688c7d138a,1,0,https://play-lh.googleusercontent.com/a-/ALV-UjWmTz6efBHYDxHUYD1hR-7vMGjIEjQVMpTDvewg8iuOrsUOiOXuoA,i sanku.nandhi
in,4.113.1,2026-08-02 21:17:54,good,2026-08-02 21:23:48,Hey there! Such positive reviews motivate us to strive hard to provide you a much better experience. Happy ordering. 🙂,4.113.1,407b17dd-f273-42c2-949d-6b2b2b5c7900,5,0,https://play-lh.googleusercontent.com/a-/ALV-UjViAR2vf6HPQxWDxMhjL3bIhN-7ht8ixSGragZEogbv3tmbmDBQ,Mohammed Nayaz
in,4.113.1,2026-08-02 21:08:18,Adding money to get free delivery is an amazing feature. Added money can be used on the next orders.,2026-08-02 21:13:04,"Hey, thank you for your kind review. We hope to keep on giving you a consistent service every time. We request you to let us know more about your experience by writing an email to swiggysocial@swiggy.in so we can make our services better.",4.113.1,4b47e3b7-6c50-4f9e-a53a-6e1d1bfefb54,5,0,https://play-lh.googleusercontent.com/a-/ALV-UjVpc6hEmuZr0HMb9k7gBMn_zQlb55A3t2WS9FfY-kQTuxEf51I6,Yash Ranka
in,4.113.1,2026-08-02 21:03:21,Excellent,2026-08-02 21:13:04,"Hey there, nothing delights us more than hearing this. We are happy that you had a great experience. Keep Swiggying. 🙂",4.113.1,705f7070-03f1-4402-a522-ccc3810eb08c,5,0,https://play-lh.googleusercontent.com/a/ACg8ocJel1hk4ruCrSSR5eZQeH1KUP-CYxDqzSyCDFjfGBLM8fMUgA=mo,Mohammedali Khan
in,4.113.1,2026-08-02 21:03:06,very good app,2026-08-02 21:13:04,"Hey there, nothing delights us more than hearing this. We are happy that you had a great experience. Keep Swiggying. 🙂",4.113.1,5b7e30fa-0196-4523-9221-bab51fe79de1,5,0,https://play-lh.googleusercontent.com/a/ACg8ocJU02q68C66rxAr4E7bcS4-RR79eGt_xh30ECYl-c4QEkpozA=mo,Siddhi shishupal
in,4.113.1,2026-08-02 21:01:34,nice,2026-08-02 21:02:40,"Hey, we are glad to have patrons like you and will strive towards providing better services to keep such reviews coming our way. Keep ordering.",4.113.1,e75655fd-971d-421e-a00f-e9368bfc8fb4,5,0,https://play-lh.googleusercontent.com/a-/ALV-UjUnzWeKr5VNqC352joSK2IdIA02GJt65KL_J8ANELp03wcQ0sU,Poonam G
in,4.113.1,2026-08-02 20:57:37,nice,2026-08-02 21:02:39,"Hey there, nothing delights us more than hearing this. We are happy that you had a great experience. Keep Swiggying. 🙂",4.113.1,497d2a2e-20b6-455f-9cf4-c4be90e40abf,5,0,https://play-lh.googleusercontent.com/a-/ALV-UjUzQyrC_WvVivfoptvaQleX8s1-jeCVf2UHS7Ustm3Vg8lon99kiw,Govindi Mehra
in,4.112.0,2026-08-02 20:52:11,acha hai,2026-08-02 20:53:05,"Hey there, we are thankful to you for your review! We request you to let us know more about your experience by writing an email to swiggysocial@swiggy.in so we can make our services better.",4.112.0,b9304af0-5422-4109-8b3f-c96ae8e0ef52,4,0,https://play-lh.googleusercontent.com/a-/ALV-UjVNLGnFwAT0Gd3_UMp9k61rcVpc07us5wNr21ihoakaKkGNuVF3,ANWAR ANSARI
in,4.113.1,2026-08-02 20:50:10,good,2026-08-02 20:53:05,"Hey, we are glad to have patrons like you and will strive towards providing better services to keep such reviews coming our way. Keep ordering.",4.113.1,cbdb18bc-17d7-4bb1-a5c7-65072ddd6b48,5,0,https://play-lh.googleusercontent.com/a-/ALV-UjVVivIzkONvfkLIZSeLR-8NOPVEoNdrh0f7QBllySGYNIBJO5Bx,Selva
in,4.113.1,2026-08-02 20:48:37,"help full application for housewife, senior citizens. now rainy season too helpful",2026-08-02 20:53:06,"Hey there, thank you for the perfect ratings. We appreciate your efforts in contributing to our improvements.",4.113.1,2df4d681-ad58-4b12-aefe-f0fb095b1c23,5,0,https://play-lh.googleusercontent.com/a-/ALV-UjUjneEGcseJ-tNFl6WjvHPlv3R3Ox3ryNWylRD8QucpnC3A9wzwPQ,Omkar patade
in,,2026-08-02 20:41:58,bakwas and ghatiya app,2026-08-02 20:42:28,"Hello, we would like to know more about it. Please write to us at swiggysocial@swiggy.in with relevant details elaborating further on your ordering experience with us, so we can set this right for you.",,90425163-606f-40ad-908b-03570064ffcd,1,0,https://play-lh.googleusercontent.com/a/ACg8ocKysH1y566BFV31Z3IOL_XMHrfqTiuqq92E4f0_Joja1lY2Dw=mo,Rajni Soni
in,4.113.1,2026-08-02 20:39:10,don't waste time. Lot of genuine platforms and shops there.,2026-08-02 20:42:28,"Hi, please write to us about your experience at swiggysocial@swiggy.in from your registered email address, so we can better our services.",4.113.1,e3c16a5f-58a0-44a3-a6f5-a41b96a519b3,1,0,https://play-lh.googleusercontent.com/a-/ALV-UjUlcaSuFEV4GmbBoNOeR0s6TdzoDBw27yd0YImieHS8_B09sAO1,Vignesh Yogi
in,4.113.1,2026-08-02 20:33:48,Good app,2026-08-02 20:42:27,"Hey there, we're pleased that you enjoyed your experience with Swiggy. We'll endeavor to keep it up. Keep ordering. 🙂",4.113.1,e66f4757-fd64-43b0-a05c-a836a7d1e784,5,0,https://play-lh.googleusercontent.com/a/ACg8ocIrY4hORDr_ZUOPyDyOgd8FWE8gO1OfMcDMdPtWPY2jY-eQ=mo,anwar sadique
in,4.113.1,2026-08-02 20:33:18,Good,2026-08-02 20:42:27,Hey there! It's a bliss to see that our service brought a smile to your face. We'll endeavor to keep it up. Keep Swiggying. 🙂,4.113.1,1e9340cf-3bd8-459b-a2a4-46640c1c9d23,5,0,https://play-lh.googleusercontent.com/a-/ALV-UjVo1r-G1wcHIrok5IP1ZuCuC2WK9fF78lipYxkvWdlrtIC_5bLh8g,manohar sangamalla
